{
  "stores": [
    {
      "id": "nyc-times-square",
      "name": "Total Wireless - Times Square",
      "coords": [-73.9855, 40.7580],
      "address": "1515 Broadway, New York, NY 10036",
      "city": "New York",
      "state": "NY",
      "zip": "10036",
      "phone": "(212) 555-0100",
      "hours": "Mon-Sat: 9AM-9PM, Sun: 10AM-8PM",
      "thumbnail": "https://totalwireless-ge4qawxpca-uc.a.run.app/assets/store-icon.png"
    },
    {
      "id": "nyc-soho",
      "name": "Total Wireless - SoHo",
      "coords": [-74.0014, 40.7233],
      "address": "560 Broadway, New York, NY 10012",
      "city": "New York",
      "state": "NY",
      "zip": "10012",
      "phone": "(212) 555-0101",
      "hours": "Mon-Sat: 10AM-8PM, Sun: 11AM-7PM",
      "thumbnail": "https://totalwireless-ge4qawxpca-uc.a.run.app/assets/store-icon.png"
    },
    {
      "id": "la-beverly-hills",
      "name": "Total Wireless - Beverly Hills",
      "coords": [-118.4005, 34.0736],
      "address": "9500 Wilshire Blvd, Beverly Hills, CA 90212",
      "city": "Beverly Hills",
      "state": "CA",
      "zip": "90212",
      "phone": "(310) 555-0102",
      "hours": "Mon-Sat: 10AM-8PM, Sun: 11AM-7PM",
      "thumbnail": "https://totalwireless-ge4qawxpca-uc.a.run.app/assets/store-icon.png"
    },
    {
      "id": "la-santa-monica",
      "name": "Total Wireless - Santa Monica Place",
      "coords": [-118.4932, 34.0159],
      "address": "395 Santa Monica Place, Santa Monica, CA 90401",
      "city": "Santa Monica",
      "state": "CA",
      "zip": "90401",
      "phone": "(310) 555-0103",
      "hours": "Mon-Sat: 10AM-9PM, Sun: 11AM-7PM",
      "thumbnail": "https://totalwireless-ge4qawxpca-uc.a.run.app/assets/store-icon.png"
    },
    {
      "id": "chicago-magnificent-mile",
      "name": "Total Wireless - Magnificent Mile",
      "coords": [-87.6244, 41.8969],
      "address": "835 N Michigan Ave, Chicago, IL 60611",
      "city": "Chicago",
      "state": "IL",
      "zip": "60611",
      "phone": "(312) 555-0104",
      "hours": "Mon-Sat: 10AM-8PM, Sun: 11AM-6PM",
      "thumbnail": "https://totalwireless-ge4qawxpca-uc.a.run.app/assets/store-icon.png"
    },
    {
      "id": "chicago-downtown",
      "name": "Total Wireless - State Street",
      "coords": [-87.6279, 41.8819],
      "address": "30 N State St, Chicago, IL 60602",
      "city": "Chicago",
      "state": "IL",
      "zip": "60602",
      "phone": "(312) 555-0105",
      "hours": "Mon-Sat: 9AM-8PM, Sun: 11AM-6PM",
      "thumbnail": "https://totalwireless-ge4qawxpca-uc.a.run.app/assets/store-icon.png"
    },
    {
      "id": "houston-galleria",
      "name": "Total Wireless - Galleria Houston",
      "coords": [-95.4618, 29.7372],
      "address": "5085 Westheimer Rd, Houston, TX 77056",
      "city": "Houston",
      "state": "TX",
      "zip": "77056",
      "phone": "(713) 555-0106",
      "hours": "Mon-Sat: 10AM-9PM, Sun: 12PM-7PM",
      "thumbnail": "https://totalwireless-ge4qawxpca-uc.a.run.app/assets/store-icon.png"
    },
    {
      "id": "houston-downtown",
      "name": "Total Wireless - Downtown Houston",
      "coords": [-95.3698, 29.7604],
      "address": "1200 McKinney St, Houston, TX 77010",
      "city": "Houston",
      "state": "TX",
      "zip": "77010",
      "phone": "(713) 555-0107",
      "hours": "Mon-Sat: 9AM-8PM, Sun: 11AM-6PM",
      "thumbnail": "https://totalwireless-ge4qawxpca-uc.a.run.app/assets/store-icon.png"
    },
    {
      "id": "phoenix-scottsdale",
      "name": "Total Wireless - Scottsdale Fashion Square",
      "coords": [-111.9263, 33.5021],
      "address": "7014 E Camelback Rd, Scottsdale, AZ 85251",
      "city": "Scottsdale",
      "state": "AZ",
      "zip": "85251",
      "phone": "(480) 555-0108",
      "hours": "Mon-Sat: 10AM-9PM, Sun: 11AM-7PM",
      "thumbnail": "https://totalwireless-ge4qawxpca-uc.a.run.app/assets/store-icon.png"
    },
    {
      "id": "phoenix-downtown",
      "name": "Total Wireless - Downtown Phoenix",
      "coords": [-112.0740, 33.4484],
      "address": "50 W Washington St, Phoenix, AZ 85003",
      "city": "Phoenix",
      "state": "AZ",
      "zip": "85003",
      "phone": "(602) 555-0109",
      "hours": "Mon-Sat: 9AM-8PM, Sun: 11AM-6PM",
      "thumbnail": "https://totalwireless-ge4qawxpca-uc.a.run.app/assets/store-icon.png"
    },
    {
      "id": "philadelphia-center-city",
      "name": "Total Wireless - Center City Philadelphia",
      "coords": [-75.1652, 39.9526],
      "address": "1601 Chestnut St, Philadelphia, PA 19103",
      "city": "Philadelphia",
      "state": "PA",
      "zip": "19103",
      "phone": "(215) 555-0110",
      "hours": "Mon-Sat: 9AM-8PM, Sun: 11AM-6PM",
      "thumbnail": "https://totalwireless-ge4qawxpca-uc.a.run.app/assets/store-icon.png"
    },
    {
      "id": "san-antonio-riverwalk",
      "name": "Total Wireless - Rivercenter Mall",
      "coords": [-98.4842, 29.4252],
      "address": "849 E Commerce St, San Antonio, TX 78205",
      "city": "San Antonio",
      "state": "TX",
      "zip": "78205",
      "phone": "(210) 555-0111",
      "hours": "Mon-Sat: 10AM-9PM, Sun: 12PM-7PM",
      "thumbnail": "https://totalwireless-ge4qawxpca-uc.a.run.app/assets/store-icon.png"
    },
    {
      "id": "san-diego-fashion-valley",
      "name": "Total Wireless - Fashion Valley",
      "coords": [-117.1664, 32.7678],
      "address": "7007 Friars Rd, San Diego, CA 92108",
      "city": "San Diego",
      "state": "CA",
      "zip": "92108",
      "phone": "(619) 555-0112",
      "hours": "Mon-Sat: 10AM-9PM, Sun: 11AM-7PM",
      "thumbnail": "https://totalwireless-ge4qawxpca-uc.a.run.app/assets/store-icon.png"
    },
    {
      "id": "dallas-downtown",
      "name": "Total Wireless - Downtown Dallas",
      "coords": [-96.7970, 32.7767],
      "address": "1201 Elm St, Dallas, TX 75202",
      "city": "Dallas",
      "state": "TX",
      "zip": "75202",
      "phone": "(214) 555-0113",
      "hours": "Mon-Sat: 9AM-8PM, Sun: 11AM-6PM",
      "thumbnail": "https://totalwireless-ge4qawxpca-uc.a.run.app/assets/store-icon.png"
    },
    {
      "id": "dallas-northpark",
      "name": "Total Wireless - NorthPark Center",
      "coords": [-96.7697, 32.8688],
      "address": "8687 N Central Expy, Dallas, TX 75225",
      "city": "Dallas",
      "state": "TX",
      "zip": "75225",
      "phone": "(214) 555-0114",
      "hours": "Mon-Sat: 10AM-9PM, Sun: 12PM-6PM",
      "thumbnail": "https://totalwireless-ge4qawxpca-uc.a.run.app/assets/store-icon.png"
    },
    {
      "id": "san-jose-santana-row",
      "name": "Total Wireless - Santana Row",
      "coords": [-121.9489, 37.3213],
      "address": "377 Santana Row, San Jose, CA 95128",
      "city": "San Jose",
      "state": "CA",
      "zip": "95128",
      "phone": "(408) 555-0115",
      "hours": "Mon-Sat: 10AM-9PM, Sun: 11AM-7PM",
      "thumbnail": "https://totalwireless-ge4qawxpca-uc.a.run.app/assets/store-icon.png"
    },
    {
      "id": "austin-downtown",
      "name": "Total Wireless - Downtown Austin",
      "coords": [-97.7431, 30.2672],
      "address": "515 Congress Ave, Austin, TX 78701",
      "city": "Austin",
      "state": "TX",
      "zip": "78701",
      "phone": "(512) 555-0116",
      "hours": "Mon-Sat: 9AM-8PM, Sun: 11AM-6PM",
      "thumbnail": "https://totalwireless-ge4qawxpca-uc.a.run.app/assets/store-icon.png"
    },
    {
      "id": "austin-domain",
      "name": "Total Wireless - The Domain",
      "coords": [-97.7204, 30.3983],
      "address": "11410 Century Oaks Terrace, Austin, TX 78758",
      "city": "Austin",
      "state": "TX",
      "zip": "78758",
      "phone": "(512) 555-0117",
      "hours": "Mon-Sat: 10AM-9PM, Sun: 12PM-7PM",
      "thumbnail": "https://totalwireless-ge4qawxpca-uc.a.run.app/assets/store-icon.png"
    },
    {
      "id": "jacksonville-town-center",
      "name": "Total Wireless - St. Johns Town Center",
      "coords": [-81.5527, 30.2654],
      "address": "4663 River City Dr, Jacksonville, FL 32246",
      "city": "Jacksonville",
      "state": "FL",
      "zip": "32246",
      "phone": "(904) 555-0118",
      "hours": "Mon-Sat: 10AM-9PM, Sun: 12PM-7PM",
      "thumbnail": "https://totalwireless-ge4qawxpca-uc.a.run.app/assets/store-icon.png"
    },
    {
      "id": "fort-worth-sundance",
      "name": "Total Wireless - Sundance Square",
      "coords": [-97.3308, 32.7555],
      "address": "420 Main St, Fort Worth, TX 76102",
      "city": "Fort Worth",
      "state": "TX",
      "zip": "76102",
      "phone": "(817) 555-0119",
      "hours": "Mon-Sat: 9AM-8PM, Sun: 11AM-6PM",
      "thumbnail": "https://totalwireless-ge4qawxpca-uc.a.run.app/assets/store-icon.png"
    },
    {
      "id": "columbus-easton",
      "name": "Total Wireless - Easton Town Center",
      "coords": [-82.9171, 40.0503],
      "address": "160 Easton Town Center, Columbus, OH 43219",
      "city": "Columbus",
      "state": "OH",
      "zip": "43219",
      "phone": "(614) 555-0120",
      "hours": "Mon-Sat: 10AM-9PM, Sun: 12PM-6PM",
      "thumbnail": "https://totalwireless-ge4qawxpca-uc.a.run.app/assets/store-icon.png"
    },
    {
      "id": "charlotte-southpark",
      "name": "Total Wireless - SouthPark Mall",
      "coords": [-80.8578, 35.1599],
      "address": "4400 Sharon Rd, Charlotte, NC 28211",
      "city": "Charlotte",
      "state": "NC",
      "zip": "28211",
      "phone": "(704) 555-0121",
      "hours": "Mon-Sat: 10AM-9PM, Sun: 12PM-7PM",
      "thumbnail": "https://totalwireless-ge4qawxpca-uc.a.run.app/assets/store-icon.png"
    },
    {
      "id": "san-francisco-union-square",
      "name": "Total Wireless - Union Square",
      "coords": [-122.4074, 37.7880],
      "address": "865 Market St, San Francisco, CA 94103",
      "city": "San Francisco",
      "state": "CA",
      "zip": "94103",
      "phone": "(415) 555-0122",
      "hours": "Mon-Sat: 10AM-8PM, Sun: 11AM-7PM",
      "thumbnail": "https://totalwireless-ge4qawxpca-uc.a.run.app/assets/store-icon.png"
    },
    {
      "id": "indianapolis-circle-centre",
      "name": "Total Wireless - Circle Centre Mall",
      "coords": [-86.1581, 39.7684],
      "address": "49 W Maryland St, Indianapolis, IN 46204",
      "city": "Indianapolis",
      "state": "IN",
      "zip": "46204",
      "phone": "(317) 555-0123",
      "hours": "Mon-Sat: 10AM-8PM, Sun: 12PM-6PM",
      "thumbnail": "https://totalwireless-ge4qawxpca-uc.a.run.app/assets/store-icon.png"
    },
    {
      "id": "seattle-downtown",
      "name": "Total Wireless - Downtown Seattle",
      "coords": [-122.3356, 47.6097],
      "address": "1511 3rd Ave, Seattle, WA 98101",
      "city": "Seattle",
      "state": "WA",
      "zip": "98101",
      "phone": "(206) 555-0124",
      "hours": "Mon-Sat: 9AM-8PM, Sun: 11AM-7PM",
      "thumbnail": "https://totalwireless-ge4qawxpca-uc.a.run.app/assets/store-icon.png"
    },
    {
      "id": "denver-16th-street",
      "name": "Total Wireless - 16th Street Mall",
      "coords": [-104.9903, 39.7456],
      "address": "500 16th St, Denver, CO 80202",
      "city": "Denver",
      "state": "CO",
      "zip": "80202",
      "phone": "(303) 555-0125",
      "hours": "Mon-Sat: 10AM-8PM, Sun: 11AM-6PM",
      "thumbnail": "https://totalwireless-ge4qawxpca-uc.a.run.app/assets/store-icon.png"
    },
    {
      "id": "washington-dc-downtown",
      "name": "Total Wireless - Downtown DC",
      "coords": [-77.0369, 38.9072],
      "address": "1100 Pennsylvania Ave NW, Washington, DC 20004",
      "city": "Washington",
      "state": "DC",
      "zip": "20004",
      "phone": "(202) 555-0126",
      "hours": "Mon-Sat: 9AM-8PM, Sun: 11AM-6PM",
      "thumbnail": "https://totalwireless-ge4qawxpca-uc.a.run.app/assets/store-icon.png"
    },
    {
      "id": "boston-back-bay",
      "name": "Total Wireless - Back Bay",
      "coords": [-71.0776, 42.3478],
      "address": "800 Boylston St, Boston, MA 02199",
      "city": "Boston",
      "state": "MA",
      "zip": "02199",
      "phone": "(617) 555-0127",
      "hours": "Mon-Sat: 10AM-8PM, Sun: 11AM-7PM",
      "thumbnail": "https://totalwireless-ge4qawxpca-uc.a.run.app/assets/store-icon.png"
    },
    {
      "id": "nashville-downtown",
      "name": "Total Wireless - Downtown Nashville",
      "coords": [-86.7816, 36.1627],
      "address": "150 4th Ave N, Nashville, TN 37219",
      "city": "Nashville",
      "state": "TN",
      "zip": "37219",
      "phone": "(615) 555-0128",
      "hours": "Mon-Sat: 9AM-8PM, Sun: 11AM-7PM",
      "thumbnail": "https://totalwireless-ge4qawxpca-uc.a.run.app/assets/store-icon.png"
    },
    {
      "id": "detroit-somerset",
      "name": "Total Wireless - Somerset Collection",
      "coords": [-83.1802, 42.5412],
      "address": "2800 W Big Beaver Rd, Troy, MI 48084",
      "city": "Troy",
      "state": "MI",
      "zip": "48084",
      "phone": "(248) 555-0129",
      "hours": "Mon-Sat: 10AM-9PM, Sun: 12PM-6PM",
      "thumbnail": "https://totalwireless-ge4qawxpca-uc.a.run.app/assets/store-icon.png"
    },
    {
      "id": "portland-downtown",
      "name": "Total Wireless - Downtown Portland",
      "coords": [-122.6765, 45.5202],
      "address": "910 SW Morrison St, Portland, OR 97205",
      "city": "Portland",
      "state": "OR",
      "zip": "97205",
      "phone": "(503) 555-0130",
      "hours": "Mon-Sat: 10AM-8PM, Sun: 11AM-6PM",
      "thumbnail": "https://totalwireless-ge4qawxpca-uc.a.run.app/assets/store-icon.png"
    },
    {
      "id": "las-vegas-strip",
      "name": "Total Wireless - Las Vegas Strip",
      "coords": [-115.1729, 36.1147],
      "address": "3667 Las Vegas Blvd S, Las Vegas, NV 89109",
      "city": "Las Vegas",
      "state": "NV",
      "zip": "89109",
      "phone": "(702) 555-0131",
      "hours": "Mon-Sun: 9AM-11PM",
      "thumbnail": "https://totalwireless-ge4qawxpca-uc.a.run.app/assets/store-icon.png"
    },
    {
      "id": "memphis-downtown",
      "name": "Total Wireless - Downtown Memphis",
      "coords": [-90.0490, 35.1495],
      "address": "87 S Main St, Memphis, TN 38103",
      "city": "Memphis",
      "state": "TN",
      "zip": "38103",
      "phone": "(901) 555-0132",
      "hours": "Mon-Sat: 9AM-8PM, Sun: 11AM-6PM",
      "thumbnail": "https://totalwireless-ge4qawxpca-uc.a.run.app/assets/store-icon.png"
    },
    {
      "id": "milwaukee-downtown",
      "name": "Total Wireless - Downtown Milwaukee",
      "coords": [-87.9065, 43.0389],
      "address": "275 W Wisconsin Ave, Milwaukee, WI 53203",
      "city": "Milwaukee",
      "state": "WI",
      "zip": "53203",
      "phone": "(414) 555-0133",
      "hours": "Mon-Sat: 9AM-8PM, Sun: 11AM-6PM",
      "thumbnail": "https://totalwireless-ge4qawxpca-uc.a.run.app/assets/store-icon.png"
    },
    {
      "id": "atlanta-lenox",
      "name": "Total Wireless - Lenox Square",
      "coords": [-84.3627, 33.8470],
      "address": "3393 Peachtree Rd NE, Atlanta, GA 30326",
      "city": "Atlanta",
      "state": "GA",
      "zip": "30326",
      "phone": "(404) 555-0134",
      "hours": "Mon-Sat: 10AM-9PM, Sun: 12PM-7PM",
      "thumbnail": "https://totalwireless-ge4qawxpca-uc.a.run.app/assets/store-icon.png"
    },
    {
      "id": "miami-brickell",
      "name": "Total Wireless - Brickell City Centre",
      "coords": [-80.1918, 25.7663],
      "address": "701 S Miami Ave, Miami, FL 33130",
      "city": "Miami",
      "state": "FL",
      "zip": "33130",
      "phone": "(305) 555-0135",
      "hours": "Mon-Sat: 10AM-9PM, Sun: 12PM-8PM",
      "thumbnail": "https://totalwireless-ge4qawxpca-uc.a.run.app/assets/store-icon.png"
    },
    {
      "id": "orlando-millenia",
      "name": "Total Wireless - Mall at Millenia",
      "coords": [-81.4093, 28.4850],
      "address": "4200 Conroy Rd, Orlando, FL 32839",
      "city": "Orlando",
      "state": "FL",
      "zip": "32839",
      "phone": "(407) 555-0136",
      "hours": "Mon-Sat: 10AM-9PM, Sun: 12PM-7PM",
      "thumbnail": "https://totalwireless-ge4qawxpca-uc.a.run.app/assets/store-icon.png"
    },
    {
      "id": "tampa-international",
      "name": "Total Wireless - International Plaza",
      "coords": [-82.5152, 27.9793],
      "address": "2223 N West Shore Blvd, Tampa, FL 33607",
      "city": "Tampa",
      "state": "FL",
      "zip": "33607",
      "phone": "(813) 555-0137",
      "hours": "Mon-Sat: 10AM-9PM, Sun: 12PM-7PM",
      "thumbnail": "https://totalwireless-ge4qawxpca-uc.a.run.app/assets/store-icon.png"
    }
  ]
}
